run_id,source,season,ptype,variant,out_file,dino_sim,ssim,clip_season_prob,clip_directional,structure_score,season_score,disqualified,score,gen_time_sec,manual_score,manual_comment
20260706-183744,levir_val_1.png,summer,zero_shot,0,levir_val_1__summer__zero_shot__v0.png,0.777,0.0668,0.9976,,0.6349,0.9976,False,0.78,18.147,,
20260706-183744,levir_val_1.png,summer,contextual,0,levir_val_1__summer__contextual__v0.png,0.9197,0.7903,0.9923,,0.8938,0.9923,False,0.9332,18.029,,
20260706-183744,levir_val_1.png,summer,positive,0,levir_val_1__summer__positive__v0.png,0.8347,0.6018,0.9976,,0.7881,0.9976,False,0.8719,18.057,,
20260706-183744,levir_val_1.png,summer,negative,0,levir_val_1__summer__negative__v0.png,0.8138,0.2435,0.9973,,0.6997,0.9973,False,0.8188,35.962,,
20260706-183744,levir_val_1.png,summer,few_shot,0,levir_val_1__summer__few_shot__v0.png,0.7868,0.4043,0.997,,0.7103,0.997,False,0.8249,18.084,,
20260706-183744,levir_val_1.png,summer,cot,0,levir_val_1__summer__cot__v0.png,0.8256,0.5777,0.9977,,0.7761,0.9977,False,0.8647,18.089,,
20260706-183744,levir_val_1.png,summer,kontext_guide,0,levir_val_1__summer__kontext_guide__v0.png,0.8488,0.7121,0.9972,,0.8215,0.9972,False,0.8917,18.097,,
20260706-183744,levir_val_1.png,summer,hybrid,0,levir_val_1__summer__hybrid__v0.png,0.8489,0.6535,0.9968,,0.8098,0.9968,False,0.8846,18.095,,
20260706-183744,levir_val_1.png,autumn,zero_shot,0,levir_val_1__autumn__zero_shot__v0.png,0.7342,0.3686,0.7519,0.1068,0.6611,0.6527,False,0.6577,18.101,,
20260706-183744,levir_val_1.png,autumn,contextual,0,levir_val_1__autumn__contextual__v0.png,0.7421,0.362,0.9593,0.1514,0.6661,0.7675,False,0.7067,18.102,,
20260706-183744,levir_val_1.png,autumn,positive,0,levir_val_1__autumn__positive__v0.png,0.731,0.2997,0.9548,0.1367,0.6447,0.7616,False,0.6915,18.102,,
20260706-183744,levir_val_1.png,autumn,negative,0,levir_val_1__autumn__negative__v0.png,0.6665,0.0946,0.9974,0.1974,0.5521,0.798,False,0.6505,36.006,,
20260706-183744,levir_val_1.png,autumn,few_shot,0,levir_val_1__autumn__few_shot__v0.png,0.7757,0.4495,0.9847,0.1976,0.7105,0.7917,False,0.743,18.098,,
20260706-183744,levir_val_1.png,autumn,cot,0,levir_val_1__autumn__cot__v0.png,0.7723,0.3712,0.9549,0.1648,0.6921,0.7687,False,0.7227,18.096,,
20260706-183744,levir_val_1.png,autumn,kontext_guide,0,levir_val_1__autumn__kontext_guide__v0.png,0.7512,0.4102,0.9716,0.1637,0.683,0.7767,False,0.7205,18.102,,
20260706-183744,levir_val_1.png,autumn,hybrid,0,levir_val_1__autumn__hybrid__v0.png,0.7265,0.2736,0.955,0.1376,0.6359,0.7619,False,0.6863,18.099,,
20260706-183744,levir_val_1.png,winter,zero_shot,0,levir_val_1__winter__zero_shot__v0.png,0.5667,0.2913,0.2495,0.2851,0.5116,0.446,False,0.4854,18.101,,
20260706-183744,levir_val_1.png,winter,contextual,0,levir_val_1__winter__contextual__v0.png,0.7187,0.2699,0.3354,0.2163,0.6289,0.4718,False,0.5661,18.095,,
20260706-183744,levir_val_1.png,winter,positive,0,levir_val_1__winter__positive__v0.png,0.5838,0.2512,0.2552,0.2093,0.5173,0.4299,False,0.4823,18.097,,
20260706-183744,levir_val_1.png,winter,negative,0,levir_val_1__winter__negative__v0.png,0.4809,0.1443,0.0918,0.1569,0.4136,0.3351,False,0.3822,36.0,,
20260706-183744,levir_val_1.png,winter,few_shot,0,levir_val_1__winter__few_shot__v0.png,0.6588,0.3639,0.3253,0.2115,0.5998,0.4655,False,0.5461,18.098,,
20260706-183744,levir_val_1.png,winter,cot,0,levir_val_1__winter__cot__v0.png,0.5109,0.2319,0.207,0.2097,0.4551,0.4059,False,0.4354,18.094,,
20260706-183744,levir_val_1.png,winter,kontext_guide,0,levir_val_1__winter__kontext_guide__v0.png,0.6003,0.3245,0.3446,0.2607,0.5451,0.4875,False,0.5221,18.095,,
20260706-183744,levir_val_1.png,winter,hybrid,0,levir_val_1__winter__hybrid__v0.png,0.6273,0.2452,0.3125,0.2163,0.5509,0.4603,False,0.5147,18.095,,
20260706-183744,levir_val_1.png,deep_winter,zero_shot,0,levir_val_1__deep_winter__zero_shot__v0.png,0.2411,0.0508,0.8912,0.2675,0.203,0.7625,True,0.0,18.09,,
20260706-183744,levir_val_1.png,deep_winter,contextual,0,levir_val_1__deep_winter__contextual__v0.png,0.471,0.2004,0.866,0.3038,0.4169,0.759,False,0.5537,18.094,,
20260706-183744,levir_val_1.png,deep_winter,positive,0,levir_val_1__deep_winter__positive__v0.png,0.4808,0.2018,0.8088,0.3018,0.425,0.7299,False,0.547,18.097,,
20260706-183744,levir_val_1.png,deep_winter,negative,0,levir_val_1__deep_winter__negative__v0.png,0.4227,0.1274,0.9502,0.2875,0.3637,0.797,False,0.537,35.998,,
20260706-183744,levir_val_1.png,deep_winter,few_shot,0,levir_val_1__deep_winter__few_shot__v0.png,0.5361,0.2283,0.8249,0.3028,0.4745,0.7382,False,0.58,18.098,,
20260706-183744,levir_val_1.png,deep_winter,cot,0,levir_val_1__deep_winter__cot__v0.png,0.4688,0.1913,0.8743,0.2982,0.4133,0.7617,False,0.5527,18.094,,
20260706-183744,levir_val_1.png,deep_winter,kontext_guide,0,levir_val_1__deep_winter__kontext_guide__v0.png,0.4913,0.2135,0.8394,0.3091,0.4357,0.747,False,0.5602,18.1,,
20260706-183744,levir_val_1.png,deep_winter,hybrid,0,levir_val_1__deep_winter__hybrid__v0.png,0.4695,0.2002,0.8443,0.2829,0.4157,0.7429,False,0.5465,18.094,,
20260706-183744,levir_val_13.png,summer,zero_shot,0,levir_val_13__summer__zero_shot__v0.png,0.9771,0.8165,0.9115,,0.945,0.9115,False,0.9316,18.092,,
20260706-183744,levir_val_13.png,summer,contextual,0,levir_val_13__summer__contextual__v0.png,0.9715,0.8154,0.9489,,0.9403,0.9489,False,0.9437,18.096,,
20260706-183744,levir_val_13.png,summer,positive,0,levir_val_13__summer__positive__v0.png,0.9255,0.7825,0.9778,,0.8969,0.9778,False,0.9293,18.097,,
20260706-183744,levir_val_13.png,summer,negative,0,levir_val_13__summer__negative__v0.png,0.869,0.2123,0.963,,0.7376,0.963,False,0.8278,35.998,,
20260706-183744,levir_val_13.png,summer,few_shot,0,levir_val_13__summer__few_shot__v0.png,0.8705,0.7253,0.9637,,0.8414,0.9637,False,0.8904,18.103,,
20260706-183744,levir_val_13.png,summer,cot,0,levir_val_13__summer__cot__v0.png,0.9417,0.8051,0.9746,,0.9144,0.9746,False,0.9385,18.106,,
20260706-183744,levir_val_13.png,summer,kontext_guide,0,levir_val_13__summer__kontext_guide__v0.png,0.9248,0.7981,0.9789,,0.8995,0.9789,False,0.9312,18.11,,
20260706-183744,levir_val_13.png,summer,hybrid,0,levir_val_13__summer__hybrid__v0.png,0.9618,0.8052,0.9601,,0.9305,0.9601,False,0.9423,18.116,,
20260706-183744,levir_val_13.png,autumn,zero_shot,0,levir_val_13__autumn__zero_shot__v0.png,0.9585,0.7539,0.3308,0.075,0.9176,0.4342,False,0.7242,18.115,,
20260706-183744,levir_val_13.png,autumn,contextual,0,levir_val_13__autumn__contextual__v0.png,0.9,0.5785,0.968,0.1624,0.8357,0.7746,False,0.8113,18.115,,
20260706-183744,levir_val_13.png,autumn,positive,0,levir_val_13__autumn__positive__v0.png,0.8569,0.4642,0.9809,0.1564,0.7784,0.7795,False,0.7788,18.112,,
20260706-183744,levir_val_13.png,autumn,negative,0,levir_val_13__autumn__negative__v0.png,0.7702,0.0257,0.9675,0.1254,0.6213,0.7651,False,0.6788,36.01,,
20260706-183744,levir_val_13.png,autumn,few_shot,0,levir_val_13__autumn__few_shot__v0.png,0.9037,0.6538,0.973,0.1911,0.8537,0.7843,False,0.826,18.098,,
20260706-183744,levir_val_13.png,autumn,cot,0,levir_val_13__autumn__cot__v0.png,0.8925,0.6152,0.9648,0.1679,0.837,0.7744,False,0.812,18.098,,
20260706-183744,levir_val_13.png,autumn,kontext_guide,0,levir_val_13__autumn__kontext_guide__v0.png,0.9336,0.7246,0.8949,0.1687,0.8918,0.7396,False,0.8309,18.096,,
20260706-183744,levir_val_13.png,autumn,hybrid,0,levir_val_13__autumn__hybrid__v0.png,0.8693,0.4127,0.9852,0.1462,0.778,0.7791,False,0.7784,18.095,,
20260706-183744,levir_val_13.png,winter,zero_shot,0,levir_val_13__winter__zero_shot__v0.png,0.7791,0.4764,0.1858,0.1738,0.7186,0.3864,False,0.5857,18.093,,
20260706-183744,levir_val_13.png,winter,contextual,0,levir_val_13__winter__contextual__v0.png,0.7191,0.4129,0.0774,0.1895,0.6579,0.3361,False,0.5292,18.095,,
20260706-183744,levir_val_13.png,winter,positive,0,levir_val_13__winter__positive__v0.png,0.7002,0.3866,0.07,0.1955,0.6375,0.3339,False,0.5161,18.095,,
20260706-183744,levir_val_13.png,winter,negative,0,levir_val_13__winter__negative__v0.png,0.6007,0.0842,0.0409,0.1685,0.4974,0.3126,False,0.4235,36.045,,
20260706-183744,levir_val_13.png,winter,few_shot,0,levir_val_13__winter__few_shot__v0.png,0.7258,0.3877,0.0677,0.213,0.6581,0.3371,False,0.5297,18.153,,
20260706-183744,levir_val_13.png,winter,cot,0,levir_val_13__winter__cot__v0.png,0.714,0.3503,0.0612,0.2009,0.6413,0.3308,False,0.5171,18.155,,
20260706-183744,levir_val_13.png,winter,kontext_guide,0,levir_val_13__winter__kontext_guide__v0.png,0.7626,0.3441,0.0825,0.2406,0.6789,0.3514,False,0.5479,18.15,,
20260706-183744,levir_val_13.png,winter,hybrid,0,levir_val_13__winter__hybrid__v0.png,0.7034,0.4009,0.0709,0.1946,0.6429,0.3341,False,0.5194,18.136,,
20260706-183744,levir_val_13.png,deep_winter,zero_shot,0,levir_val_13__deep_winter__zero_shot__v0.png,0.3094,0.0282,0.882,0.2021,0.2532,0.7415,True,0.0,18.114,,
20260706-183744,levir_val_13.png,deep_winter,contextual,0,levir_val_13__deep_winter__contextual__v0.png,0.6833,0.2298,0.9462,0.2362,0.5926,0.7822,False,0.6684,18.108,,
20260706-183744,levir_val_13.png,deep_winter,positive,0,levir_val_13__deep_winter__positive__v0.png,0.7433,0.2327,0.926,0.2287,0.6412,0.7702,False,0.6928,18.102,,
20260706-183744,levir_val_13.png,deep_winter,negative,0,levir_val_13__deep_winter__negative__v0.png,0.5797,0.0679,0.9771,0.251,0.4774,0.8013,False,0.6069,36.003,,
20260706-183744,levir_val_13.png,deep_winter,few_shot,0,levir_val_13__deep_winter__few_shot__v0.png,0.7158,0.2404,0.8961,0.2431,0.6207,0.7588,False,0.676,18.098,,
20260706-183744,levir_val_13.png,deep_winter,cot,0,levir_val_13__deep_winter__cot__v0.png,0.6627,0.1655,0.9553,0.2511,0.5632,0.7904,False,0.6541,18.094,,
20260706-183744,levir_val_13.png,deep_winter,kontext_guide,0,levir_val_13__deep_winter__kontext_guide__v0.png,0.6241,0.2395,0.8813,0.258,0.5472,0.7552,False,0.6304,18.094,,
20260706-183744,levir_val_13.png,deep_winter,hybrid,0,levir_val_13__deep_winter__hybrid__v0.png,0.6791,0.1955,0.9331,0.2437,0.5824,0.7775,False,0.6604,18.095,,
20260706-183744,levir_val_19.png,summer,zero_shot,0,levir_val_19__summer__zero_shot__v0.png,0.2781,0.0206,0.9929,,0.2266,0.9929,True,0.0,18.091,,
20260706-183744,levir_val_19.png,summer,contextual,0,levir_val_19__summer__contextual__v0.png,0.7119,0.0568,0.9557,,0.5809,0.9557,False,0.7308,18.091,,
20260706-183744,levir_val_19.png,summer,positive,0,levir_val_19__summer__positive__v0.png,0.8103,0.0219,0.9662,,0.6526,0.9662,False,0.7781,18.113,,
20260706-183744,levir_val_19.png,summer,negative,0,levir_val_19__summer__negative__v0.png,0.763,0.0206,0.9865,,0.6145,0.9865,False,0.7633,36.108,,
20260706-183744,levir_val_19.png,summer,few_shot,0,levir_val_19__summer__few_shot__v0.png,0.8566,0.1241,0.9721,,0.7101,0.9721,False,0.8149,18.154,,
20260706-183744,levir_val_19.png,summer,cot,0,levir_val_19__summer__cot__v0.png,0.6189,0.0235,0.9811,,0.4998,0.9811,False,0.6923,18.143,,
20260706-183744,levir_val_19.png,summer,kontext_guide,0,levir_val_19__summer__kontext_guide__v0.png,0.9624,0.6047,0.9737,,0.8909,0.9737,False,0.924,18.129,,
20260706-183744,levir_val_19.png,summer,hybrid,0,levir_val_19__summer__hybrid__v0.png,0.6129,0.0261,0.9825,,0.4955,0.9825,False,0.6903,18.118,,
20260706-183744,levir_val_19.png,autumn,zero_shot,0,levir_val_19__autumn__zero_shot__v0.png,0.1992,0.0218,0.9998,0.1547,0.1637,0.7886,True,0.0,18.11,,
20260706-183744,levir_val_19.png,autumn,contextual,0,levir_val_19__autumn__contextual__v0.png,0.596,0.0232,0.9885,0.1001,0.4814,0.7693,False,0.5966,18.101,,
20260706-183744,levir_val_19.png,autumn,positive,0,levir_val_19__autumn__positive__v0.png,0.6852,0.0233,0.9996,0.1724,0.5528,0.7929,False,0.6489,18.101,,
20260706-183744,levir_val_19.png,autumn,negative,0,levir_val_19__autumn__negative__v0.png,0.7184,0.0201,0.9996,0.1786,0.5787,0.7945,False,0.665,36.005,,
20260706-183744,levir_val_19.png,autumn,few_shot,0,levir_val_19__autumn__few_shot__v0.png,0.6324,0.0205,0.408,0.0257,0.51,0.4604,False,0.4902,18.1,,
20260706-183744,levir_val_19.png,autumn,cot,0,levir_val_19__autumn__cot__v0.png,0.6089,0.0241,0.9913,0.1084,0.4919,0.7727,False,0.6042,18.097,,
20260706-183744,levir_val_19.png,autumn,kontext_guide,0,levir_val_19__autumn__kontext_guide__v0.png,0.9295,0.5346,0.976,0.117,0.8505,0.7673,False,0.8172,18.101,,
20260706-183744,levir_val_19.png,autumn,hybrid,0,levir_val_19__autumn__hybrid__v0.png,0.5414,0.0219,0.9883,0.0969,0.4375,0.7684,False,0.5699,18.1,,
20260706-183744,levir_val_19.png,winter,zero_shot,0,levir_val_19__winter__zero_shot__v0.png,0.5668,0.1001,0.0649,0.1665,0.4735,0.3241,False,0.4137,18.105,,
20260706-183744,levir_val_19.png,winter,contextual,0,levir_val_19__winter__contextual__v0.png,0.599,-0.0356,0.145,0.1233,0.4721,0.3533,False,0.4246,18.099,,
20260706-183744,levir_val_19.png,winter,positive,0,levir_val_19__winter__positive__v0.png,0.6602,-0.0183,0.1091,0.1561,0.5245,0.3436,False,0.4521,18.1,,
20260706-183744,levir_val_19.png,winter,negative,0,levir_val_19__winter__negative__v0.png,0.6703,0.0028,0.0796,0.2087,0.5368,0.342,False,0.4588,36.002,,
20260706-183744,levir_val_19.png,winter,few_shot,0,levir_val_19__winter__few_shot__v0.png,0.6534,0.0747,0.1428,0.2012,0.5376,0.3717,False,0.4713,18.097,,
20260706-183744,levir_val_19.png,winter,cot,0,levir_val_19__winter__cot__v0.png,0.5679,-0.0048,0.0544,0.198,0.4534,0.3267,False,0.4027,18.096,,
20260706-183744,levir_val_19.png,winter,kontext_guide,0,levir_val_19__winter__kontext_guide__v0.png,0.5999,0.0654,0.0643,0.1817,0.493,0.3276,False,0.4268,18.114,,
20260706-183744,levir_val_19.png,winter,hybrid,0,levir_val_19__winter__hybrid__v0.png,0.6536,-0.0232,0.0751,0.1493,0.5182,0.3249,False,0.4409,18.157,,
20260706-183744,levir_val_19.png,deep_winter,zero_shot,0,levir_val_19__deep_winter__zero_shot__v0.png,0.3165,0.0133,0.8787,0.1724,0.2559,0.7324,True,0.0,18.156,,
20260706-183744,levir_val_19.png,deep_winter,contextual,0,levir_val_19__deep_winter__contextual__v0.png,0.6609,0.0139,0.9496,0.2313,0.5315,0.7826,False,0.632,18.157,,
20260706-183744,levir_val_19.png,deep_winter,positive,0,levir_val_19__deep_winter__positive__v0.png,0.6539,0.0146,0.9475,0.2274,0.5261,0.7806,False,0.6279,18.153,,
20260706-183744,levir_val_19.png,deep_winter,negative,0,levir_val_19__deep_winter__negative__v0.png,0.618,0.0244,0.9417,0.2384,0.4993,0.7804,False,0.6117,36.062,,
20260706-183744,levir_val_19.png,deep_winter,few_shot,0,levir_val_19__deep_winter__few_shot__v0.png,0.5979,0.0128,0.9786,0.2248,0.4809,0.7955,False,0.6067,18.116,,
20260706-183744,levir_val_19.png,deep_winter,cot,0,levir_val_19__deep_winter__cot__v0.png,0.5855,0.018,0.9742,0.2115,0.472,0.79,False,0.5992,18.108,,
20260706-183744,levir_val_19.png,deep_winter,kontext_guide,0,levir_val_19__deep_winter__kontext_guide__v0.png,0.5098,0.0452,0.8904,0.1988,0.4169,0.7449,False,0.5481,18.106,,
20260706-183744,levir_val_19.png,deep_winter,hybrid,0,levir_val_19__deep_winter__hybrid__v0.png,0.6311,0.0084,0.9705,0.1905,0.5065,0.7829,False,0.6171,18.102,,
20260706-183744,levir_val_25.png,summer,zero_shot,0,levir_val_25__summer__zero_shot__v0.png,0.9895,0.8501,0.9379,,0.9616,0.9379,False,0.9521,18.098,,
20260706-183744,levir_val_25.png,summer,contextual,0,levir_val_25__summer__contextual__v0.png,0.9873,0.841,0.9546,,0.958,0.9546,False,0.9567,18.105,,
20260706-183744,levir_val_25.png,summer,positive,0,levir_val_25__summer__positive__v0.png,0.9732,0.8065,0.9548,,0.9399,0.9548,False,0.9459,18.101,,
20260706-183744,levir_val_25.png,summer,negative,0,levir_val_25__summer__negative__v0.png,0.9457,0.7662,0.9678,,0.9098,0.9678,False,0.933,36.004,,
20260706-183744,levir_val_25.png,summer,few_shot,0,levir_val_25__summer__few_shot__v0.png,0.968,0.6668,0.9277,,0.9078,0.9277,False,0.9158,18.13,,
20260706-183744,levir_val_25.png,summer,cot,0,levir_val_25__summer__cot__v0.png,0.9819,0.8113,0.946,,0.9478,0.946,False,0.9471,18.16,,
20260706-183744,levir_val_25.png,summer,kontext_guide,0,levir_val_25__summer__kontext_guide__v0.png,0.979,0.827,0.9511,,0.9486,0.9511,False,0.9496,18.16,,
20260706-183744,levir_val_25.png,summer,hybrid,0,levir_val_25__summer__hybrid__v0.png,0.9814,0.8017,0.9509,,0.9455,0.9509,False,0.9477,18.157,,
20260706-183744,levir_val_25.png,autumn,zero_shot,0,levir_val_25__autumn__zero_shot__v0.png,0.9266,0.3415,0.7568,0.127,0.8096,0.6601,False,0.7498,18.154,,
20260706-183744,levir_val_25.png,autumn,contextual,0,levir_val_25__autumn__contextual__v0.png,0.9284,0.3258,0.8767,0.1492,0.8079,0.7257,False,0.775,18.136,,
20260706-183744,levir_val_25.png,autumn,positive,0,levir_val_25__autumn__positive__v0.png,0.9344,0.3686,0.7961,0.1513,0.8213,0.6859,False,0.7671,18.121,,
20260706-183744,levir_val_25.png,autumn,negative,0,levir_val_25__autumn__negative__v0.png,0.7213,0.2108,0.9878,0.1497,0.6192,0.7813,False,0.6841,36.031,,
20260706-183744,levir_val_25.png,autumn,few_shot,0,levir_val_25__autumn__few_shot__v0.png,0.9265,0.3114,0.8625,0.1521,0.8035,0.7193,False,0.7698,18.112,,
20260706-183744,levir_val_25.png,autumn,cot,0,levir_val_25__autumn__cot__v0.png,0.9235,0.353,0.6949,0.1401,0.8094,0.6325,False,0.7387,18.106,,
20260706-183744,levir_val_25.png,autumn,kontext_guide,0,levir_val_25__autumn__kontext_guide__v0.png,0.9399,0.4587,0.5269,0.1288,0.8437,0.5456,False,0.7244,18.107,,
20260706-183744,levir_val_25.png,autumn,hybrid,0,levir_val_25__autumn__hybrid__v0.png,0.9237,0.3246,0.6451,0.1348,0.8039,0.6063,False,0.7249,18.103,,
20260706-183744,levir_val_25.png,winter,zero_shot,0,levir_val_25__winter__zero_shot__v0.png,0.9415,0.6683,0.7309,0.1895,0.8869,0.6628,False,0.7972,18.101,,
20260706-183744,levir_val_25.png,winter,contextual,0,levir_val_25__winter__contextual__v0.png,0.8805,0.4774,0.6011,0.2603,0.7999,0.6157,False,0.7262,18.105,,
20260706-183744,levir_val_25.png,winter,positive,0,levir_val_25__winter__positive__v0.png,0.8883,0.4859,0.6276,0.2634,0.8078,0.6296,False,0.7366,18.104,,
20260706-183744,levir_val_25.png,winter,negative,0,levir_val_25__winter__negative__v0.png,0.7599,0.3707,0.5044,0.1985,0.6821,0.5518,False,0.63,36.006,,
20260706-183744,levir_val_25.png,winter,few_shot,0,levir_val_25__winter__few_shot__v0.png,0.878,0.5405,0.6338,0.3038,0.8105,0.6428,False,0.7434,18.099,,
20260706-183744,levir_val_25.png,winter,cot,0,levir_val_25__winter__cot__v0.png,0.8938,0.466,0.5833,0.243,0.8083,0.6024,False,0.7259,18.099,,
20260706-183744,levir_val_25.png,winter,kontext_guide,0,levir_val_25__winter__kontext_guide__v0.png,0.8918,0.5351,0.6268,0.2945,0.8204,0.637,False,0.7471,18.098,,
20260706-183744,levir_val_25.png,winter,hybrid,0,levir_val_25__winter__hybrid__v0.png,0.8844,0.4525,0.5527,0.2499,0.798,0.5888,False,0.7143,18.098,,
20260706-183744,levir_val_25.png,deep_winter,zero_shot,0,levir_val_25__deep_winter__zero_shot__v0.png,0.9326,0.1324,0.298,0.0868,0.7726,0.4207,False,0.6318,18.1,,
20260706-183744,levir_val_25.png,deep_winter,contextual,0,levir_val_25__deep_winter__contextual__v0.png,0.8641,0.4622,0.6307,0.2943,0.7837,0.6389,False,0.7258,18.096,,
20260706-183744,levir_val_25.png,deep_winter,positive,0,levir_val_25__deep_winter__positive__v0.png,0.8682,0.4716,0.6428,0.2982,0.7889,0.6459,False,0.7317,18.096,,
20260706-183744,levir_val_25.png,deep_winter,negative,0,levir_val_25__deep_winter__negative__v0.png,0.724,0.349,0.7902,0.2506,0.649,0.7077,False,0.6725,35.998,,
20260706-183744,levir_val_25.png,deep_winter,few_shot,0,levir_val_25__deep_winter__few_shot__v0.png,0.8819,0.4969,0.5958,0.3092,0.8049,0.6252,False,0.733,18.1,,
20260706-183744,levir_val_25.png,deep_winter,cot,0,levir_val_25__deep_winter__cot__v0.png,0.838,0.4507,0.6951,0.2577,0.7606,0.662,False,0.7211,18.099,,
20260706-183744,levir_val_25.png,deep_winter,kontext_guide,0,levir_val_25__deep_winter__kontext_guide__v0.png,0.8735,0.4787,0.594,0.2966,0.7945,0.6212,False,0.7252,18.097,,
20260706-183744,levir_val_25.png,deep_winter,hybrid,0,levir_val_25__deep_winter__hybrid__v0.png,0.8521,0.4585,0.6589,0.2837,0.7734,0.6504,False,0.7242,18.097,,
20260706-183744,levir_val_31.png,summer,zero_shot,0,levir_val_31__summer__zero_shot__v0.png,0.9429,0.7054,0.9633,,0.8954,0.9633,False,0.9225,18.092,,
20260706-183744,levir_val_31.png,summer,contextual,0,levir_val_31__summer__contextual__v0.png,0.9524,0.7557,0.971,,0.9131,0.971,False,0.9363,18.09,,
20260706-183744,levir_val_31.png,summer,positive,0,levir_val_31__summer__positive__v0.png,0.9284,0.7608,0.9852,,0.8949,0.9852,False,0.931,18.092,,
20260706-183744,levir_val_31.png,summer,negative,0,levir_val_31__summer__negative__v0.png,0.8605,0.6262,0.995,,0.8136,0.995,False,0.8862,35.993,,
20260706-183744,levir_val_31.png,summer,few_shot,0,levir_val_31__summer__few_shot__v0.png,0.8756,0.6145,0.993,,0.8234,0.993,False,0.8912,18.092,,
20260706-183744,levir_val_31.png,summer,cot,0,levir_val_31__summer__cot__v0.png,0.8432,0.6142,0.994,,0.7974,0.994,False,0.8761,18.093,,
20260706-183744,levir_val_31.png,summer,kontext_guide,0,levir_val_31__summer__kontext_guide__v0.png,0.9242,0.7783,0.9839,,0.895,0.9839,False,0.9306,18.092,,
20260706-183744,levir_val_31.png,summer,hybrid,0,levir_val_31__summer__hybrid__v0.png,0.9467,0.7471,0.9778,,0.9068,0.9778,False,0.9352,18.089,,
20260706-183744,levir_val_31.png,autumn,zero_shot,0,levir_val_31__autumn__zero_shot__v0.png,0.282,0.0912,0.9999,0.1863,0.2438,0.7965,True,0.0,18.093,,
20260706-183744,levir_val_31.png,autumn,contextual,0,levir_val_31__autumn__contextual__v0.png,0.8554,0.5867,0.9977,0.1971,0.8017,0.7981,False,0.8003,18.096,,
20260706-183744,levir_val_31.png,autumn,positive,0,levir_val_31__autumn__positive__v0.png,0.8479,0.5872,0.999,0.2213,0.7958,0.8048,False,0.7994,18.095,,
20260706-183744,levir_val_31.png,autumn,negative,0,levir_val_31__autumn__negative__v0.png,0.7208,0.2757,0.9994,0.2067,0.6318,0.8014,False,0.6996,35.994,,
20260706-183744,levir_val_31.png,autumn,few_shot,0,levir_val_31__autumn__few_shot__v0.png,0.8593,0.5864,0.9976,0.1956,0.8047,0.7977,False,0.8019,18.095,,
20260706-183744,levir_val_31.png,autumn,cot,0,levir_val_31__autumn__cot__v0.png,0.8558,0.5511,0.9984,0.1978,0.7949,0.7986,False,0.7964,18.095,,
20260706-183744,levir_val_31.png,autumn,kontext_guide,0,levir_val_31__autumn__kontext_guide__v0.png,0.8681,0.6428,0.9995,0.2387,0.8231,0.8094,False,0.8176,18.094,,
20260706-183744,levir_val_31.png,autumn,hybrid,0,levir_val_31__autumn__hybrid__v0.png,0.8499,0.4717,0.9995,0.2443,0.7742,0.8108,False,0.7889,18.095,,
20260706-183744,levir_val_31.png,winter,zero_shot,0,levir_val_31__winter__zero_shot__v0.png,0.9265,0.7081,0.2745,0.2734,0.8828,0.4556,False,0.7119,18.091,,
20260706-183744,levir_val_31.png,winter,contextual,0,levir_val_31__winter__contextual__v0.png,0.8162,0.3736,0.1049,0.2403,0.7277,0.3625,False,0.5816,18.094,,
20260706-183744,levir_val_31.png,winter,positive,0,levir_val_31__winter__positive__v0.png,0.827,0.4342,0.1179,0.2419,0.7484,0.3694,False,0.5968,18.098,,
20260706-183744,levir_val_31.png,winter,negative,0,levir_val_31__winter__negative__v0.png,0.8719,0.4219,0.1385,0.2463,0.7819,0.3808,False,0.6215,35.996,,
20260706-183744,levir_val_31.png,winter,few_shot,0,levir_val_31__winter__few_shot__v0.png,0.9288,0.6293,0.2047,0.2542,0.8689,0.4159,False,0.6877,18.095,,
20260706-183744,levir_val_31.png,winter,cot,0,levir_val_31__winter__cot__v0.png,0.8046,0.3235,0.1141,0.1978,0.7083,0.3565,False,0.5676,18.097,,
20260706-183744,levir_val_31.png,winter,kontext_guide,0,levir_val_31__winter__kontext_guide__v0.png,0.9061,0.5642,0.1442,0.2476,0.8377,0.384,False,0.6562,18.094,,
20260706-183744,levir_val_31.png,winter,hybrid,0,levir_val_31__winter__hybrid__v0.png,0.8387,0.3748,0.1311,0.2336,0.7459,0.374,False,0.5971,18.096,,
20260706-183744,levir_val_31.png,deep_winter,zero_shot,0,levir_val_31__deep_winter__zero_shot__v0.png,0.8862,0.1185,0.4926,0.1212,0.7326,0.5266,False,0.6502,18.096,,
20260706-183744,levir_val_31.png,deep_winter,contextual,0,levir_val_31__deep_winter__contextual__v0.png,0.8019,0.3984,0.9358,0.2852,0.7212,0.7892,False,0.7484,18.094,,
20260706-183744,levir_val_31.png,deep_winter,positive,0,levir_val_31__deep_winter__positive__v0.png,0.7898,0.4084,0.9333,0.301,0.7135,0.7919,False,0.7449,18.094,,
20260706-183744,levir_val_31.png,deep_winter,negative,0,levir_val_31__deep_winter__negative__v0.png,0.6129,0.2845,0.961,0.2436,0.5472,0.7914,False,0.6449,35.997,,
20260706-183744,levir_val_31.png,deep_winter,few_shot,0,levir_val_31__deep_winter__few_shot__v0.png,0.8515,0.4491,0.9259,0.2922,0.771,0.786,False,0.777,18.093,,
20260706-183744,levir_val_31.png,deep_winter,cot,0,levir_val_31__deep_winter__cot__v0.png,0.6961,0.354,0.9702,0.2661,0.6277,0.8016,False,0.6973,18.093,,
20260706-183744,levir_val_31.png,deep_winter,kontext_guide,0,levir_val_31__deep_winter__kontext_guide__v0.png,0.7853,0.4056,0.9388,0.2707,0.7094,0.7871,False,0.7404,18.093,,
20260706-183744,levir_val_31.png,deep_winter,hybrid,0,levir_val_31__deep_winter__hybrid__v0.png,0.7825,0.3946,0.9411,0.2793,0.7049,0.7904,False,0.7391,18.095,,
20260706-183744,levir_val_37.png,summer,zero_shot,0,levir_val_37__summer__zero_shot__v0.png,0.9946,0.7785,0.9094,,0.9514,0.9094,False,0.9346,18.142,,
20260706-183744,levir_val_37.png,summer,contextual,0,levir_val_37__summer__contextual__v0.png,0.9897,0.7543,0.9435,,0.9426,0.9435,False,0.943,18.153,,
20260706-183744,levir_val_37.png,summer,positive,0,levir_val_37__summer__positive__v0.png,0.9721,0.7193,0.9553,,0.9216,0.9553,False,0.9351,18.155,,
20260706-183744,levir_val_37.png,summer,negative,0,levir_val_37__summer__negative__v0.png,0.8777,0.2565,0.9466,,0.7535,0.9466,False,0.8307,36.104,,
20260706-183744,levir_val_37.png,summer,few_shot,0,levir_val_37__summer__few_shot__v0.png,0.9343,0.632,0.1059,,0.8738,0.1059,False,0.5667,18.128,,
20260706-183744,levir_val_37.png,summer,cot,0,levir_val_37__summer__cot__v0.png,0.9616,0.6648,0.9516,,0.9022,0.9516,False,0.922,18.116,,
20260706-183744,levir_val_37.png,summer,kontext_guide,0,levir_val_37__summer__kontext_guide__v0.png,0.9819,0.7372,0.949,,0.933,0.949,False,0.9394,18.108,,
20260706-183744,levir_val_37.png,summer,hybrid,0,levir_val_37__summer__hybrid__v0.png,0.976,0.7036,0.9588,,0.9216,0.9588,False,0.9364,18.104,,
20260706-183744,levir_val_37.png,autumn,zero_shot,0,levir_val_37__autumn__zero_shot__v0.png,0.946,0.7287,0.7021,0.1213,0.9025,0.6314,False,0.7941,18.104,,
20260706-183744,levir_val_37.png,autumn,contextual,0,levir_val_37__autumn__contextual__v0.png,0.9258,0.5913,0.9981,0.29,0.8589,0.8215,False,0.844,18.101,,
20260706-183744,levir_val_37.png,autumn,positive,0,levir_val_37__autumn__positive__v0.png,0.9181,0.5347,0.9969,0.2716,0.8414,0.8164,False,0.8314,18.1,,
20260706-183744,levir_val_37.png,autumn,negative,0,levir_val_37__autumn__negative__v0.png,0.8417,0.0593,0.9989,0.1857,0.6852,0.7959,False,0.7295,36.007,,
20260706-183744,levir_val_37.png,autumn,few_shot,0,levir_val_37__autumn__few_shot__v0.png,0.9343,0.6526,0.9974,0.311,0.878,0.8265,False,0.8574,18.099,,
20260706-183744,levir_val_37.png,autumn,cot,0,levir_val_37__autumn__cot__v0.png,0.9231,0.5726,0.9982,0.2806,0.853,0.8192,False,0.8395,18.095,,
20260706-183744,levir_val_37.png,autumn,kontext_guide,0,levir_val_37__autumn__kontext_guide__v0.png,0.9266,0.6371,0.9975,0.2989,0.8687,0.8235,False,0.8506,18.099,,
20260706-183744,levir_val_37.png,autumn,hybrid,0,levir_val_37__autumn__hybrid__v0.png,0.9211,0.5332,0.9977,0.2649,0.8435,0.8151,False,0.8321,18.098,,
20260706-183744,levir_val_37.png,winter,zero_shot,0,levir_val_37__winter__zero_shot__v0.png,0.8445,0.2933,0.171,0.2336,0.7343,0.3939,False,0.5981,18.099,,
20260706-183744,levir_val_37.png,winter,contextual,0,levir_val_37__winter__contextual__v0.png,0.7435,0.3367,0.346,0.2359,0.6621,0.482,False,0.5901,18.094,,
20260706-183744,levir_val_37.png,winter,positive,0,levir_val_37__winter__positive__v0.png,0.7189,0.3032,0.3203,0.2427,0.6358,0.4708,False,0.5698,18.097,,
20260706-183744,levir_val_37.png,winter,negative,0,levir_val_37__winter__negative__v0.png,0.6584,0.0921,0.256,0.1883,0.5451,0.4251,False,0.4971,36.0,,
20260706-183744,levir_val_37.png,winter,few_shot,0,levir_val_37__winter__few_shot__v0.png,0.7609,0.3341,0.3211,0.2375,0.6755,0.47,False,0.5933,18.096,,
20260706-183744,levir_val_37.png,winter,cot,0,levir_val_37__winter__cot__v0.png,0.6242,0.2577,0.2897,0.2271,0.5509,0.4516,False,0.5112,18.097,,
20260706-183744,levir_val_37.png,winter,kontext_guide,0,levir_val_37__winter__kontext_guide__v0.png,0.7365,0.2894,0.3087,0.2179,0.6471,0.4588,False,0.5718,18.098,,
20260706-183744,levir_val_37.png,winter,hybrid,0,levir_val_37__winter__hybrid__v0.png,0.7068,0.2945,0.3003,0.2427,0.6244,0.4608,False,0.5589,18.098,,
20260706-183744,levir_val_37.png,deep_winter,zero_shot,0,levir_val_37__deep_winter__zero_shot__v0.png,0.9065,0.0825,0.5481,0.1826,0.7417,0.5697,False,0.6729,18.1,,
20260706-183744,levir_val_37.png,deep_winter,contextual,0,levir_val_37__deep_winter__contextual__v0.png,0.6865,0.1372,0.7629,0.2798,0.5766,0.7014,False,0.6265,18.096,,
20260706-183744,levir_val_37.png,deep_winter,positive,0,levir_val_37__deep_winter__positive__v0.png,0.6655,0.1423,0.7937,0.2815,0.5608,0.7172,False,0.6234,18.099,,
20260706-183744,levir_val_37.png,deep_winter,negative,0,levir_val_37__deep_winter__negative__v0.png,0.6421,0.0563,0.809,0.301,0.5249,0.7297,False,0.6069,35.995,,
20260706-183744,levir_val_37.png,deep_winter,few_shot,0,levir_val_37__deep_winter__few_shot__v0.png,0.6984,0.1341,0.8603,0.3014,0.5855,0.7555,False,0.6535,18.098,,
20260706-183744,levir_val_37.png,deep_winter,cot,0,levir_val_37__deep_winter__cot__v0.png,0.6419,0.0873,0.819,0.2683,0.531,0.7266,False,0.6092,18.095,,
20260706-183744,levir_val_37.png,deep_winter,kontext_guide,0,levir_val_37__deep_winter__kontext_guide__v0.png,0.7294,0.143,0.8833,0.3175,0.6121,0.771,False,0.6757,18.095,,
20260706-183744,levir_val_37.png,deep_winter,hybrid,0,levir_val_37__deep_winter__hybrid__v0.png,0.6642,0.1209,0.7882,0.2765,0.5555,0.7132,False,0.6186,18.093,,
20260706-183744,levir_val_43.png,summer,zero_shot,0,levir_val_43__summer__zero_shot__v0.png,0.9861,0.7981,0.7627,,0.9485,0.7627,False,0.8742,18.088,,
20260706-183744,levir_val_43.png,summer,contextual,0,levir_val_43__summer__contextual__v0.png,0.9527,0.7936,0.9365,,0.9209,0.9365,False,0.9271,18.092,,
20260706-183744,levir_val_43.png,summer,positive,0,levir_val_43__summer__positive__v0.png,0.9306,0.754,0.9323,,0.8953,0.9323,False,0.9101,18.094,,
20260706-183744,levir_val_43.png,summer,negative,0,levir_val_43__summer__negative__v0.png,0.7772,0.2266,0.9915,,0.6671,0.9915,False,0.7968,35.995,,
20260706-183744,levir_val_43.png,summer,few_shot,0,levir_val_43__summer__few_shot__v0.png,0.9384,0.782,0.9124,,0.9072,0.9124,False,0.9092,18.095,,
20260706-183744,levir_val_43.png,summer,cot,0,levir_val_43__summer__cot__v0.png,0.9481,0.7803,0.9194,,0.9145,0.9194,False,0.9165,18.092,,
20260706-183744,levir_val_43.png,summer,kontext_guide,0,levir_val_43__summer__kontext_guide__v0.png,0.9394,0.7901,0.9319,,0.9096,0.9319,False,0.9185,18.091,,
20260706-183744,levir_val_43.png,summer,hybrid,0,levir_val_43__summer__hybrid__v0.png,0.9382,0.7382,0.936,,0.8982,0.936,False,0.9134,18.094,,
20260706-183744,levir_val_43.png,autumn,zero_shot,0,levir_val_43__autumn__zero_shot__v0.png,0.1156,0.0401,0.1341,0.0707,0.1005,0.3347,True,0.0,18.093,,
20260706-183744,levir_val_43.png,autumn,contextual,0,levir_val_43__autumn__contextual__v0.png,0.8247,0.3723,0.9997,0.2208,0.7342,0.8051,False,0.7625,18.093,,
20260706-183744,levir_val_43.png,autumn,positive,0,levir_val_43__autumn__positive__v0.png,0.7959,0.3228,0.9996,0.2054,0.7013,0.8012,False,0.7412,18.094,,
20260706-183744,levir_val_43.png,autumn,negative,0,levir_val_43__autumn__negative__v0.png,0.5547,0.0625,0.9993,0.1717,0.4562,0.7926,False,0.5908,35.992,,
20260706-183744,levir_val_43.png,autumn,few_shot,0,levir_val_43__autumn__few_shot__v0.png,0.9336,0.7498,0.9986,0.2723,0.8968,0.8174,False,0.865,18.093,,
20260706-183744,levir_val_43.png,autumn,cot,0,levir_val_43__autumn__cot__v0.png,0.8244,0.3953,0.9996,0.2195,0.7385,0.8047,False,0.765,18.095,,
20260706-183744,levir_val_43.png,autumn,kontext_guide,0,levir_val_43__autumn__kontext_guide__v0.png,0.9061,0.7392,0.999,0.2472,0.8727,0.8113,False,0.8482,18.093,,
20260706-183744,levir_val_43.png,autumn,hybrid,0,levir_val_43__autumn__hybrid__v0.png,0.8131,0.2573,0.9993,0.1924,0.702,0.7978,False,0.7403,18.097,,
20260706-183744,levir_val_43.png,winter,zero_shot,0,levir_val_43__winter__zero_shot__v0.png,0.5754,0.6158,0.6922,0.2632,0.5835,0.6619,False,0.6149,18.097,,
20260706-183744,levir_val_43.png,winter,contextual,0,levir_val_43__winter__contextual__v0.png,0.7063,0.692,0.6878,0.2654,0.7034,0.6603,False,0.6862,18.094,,
20260706-183744,levir_val_43.png,winter,positive,0,levir_val_43__winter__positive__v0.png,0.6976,0.6658,0.681,0.267,0.6913,0.6572,False,0.6777,18.093,,
20260706-183744,levir_val_43.png,winter,negative,0,levir_val_43__winter__negative__v0.png,0.6628,0.2529,0.1777,0.279,0.5809,0.4086,False,0.512,35.992,,
20260706-183744,levir_val_43.png,winter,few_shot,0,levir_val_43__winter__few_shot__v0.png,0.7108,0.6931,0.6594,0.2697,0.7073,0.6471,False,0.6832,18.093,,
20260706-183744,levir_val_43.png,winter,cot,0,levir_val_43__winter__cot__v0.png,0.6391,0.4527,0.3503,0.312,0.6018,0.5031,False,0.5623,18.092,,
20260706-183744,levir_val_43.png,winter,kontext_guide,0,levir_val_43__winter__kontext_guide__v0.png,0.5266,0.5395,0.5706,0.2805,0.5292,0.6054,False,0.5597,18.092,,
20260706-183744,levir_val_43.png,winter,hybrid,0,levir_val_43__winter__hybrid__v0.png,0.6731,0.6742,0.7132,0.2588,0.6733,0.6713,False,0.6725,18.093,,
20260706-183744,levir_val_43.png,deep_winter,zero_shot,0,levir_val_43__deep_winter__zero_shot__v0.png,0.8085,0.0647,0.3256,0.1399,0.6597,0.4478,False,0.575,18.093,,
20260706-183744,levir_val_43.png,deep_winter,contextual,0,levir_val_43__deep_winter__contextual__v0.png,0.4694,0.3568,0.7392,0.2966,0.4469,0.6938,False,0.5456,18.091,,
20260706-183744,levir_val_43.png,deep_winter,positive,0,levir_val_43__deep_winter__positive__v0.png,0.4901,0.3552,0.7555,0.3029,0.4631,0.7035,False,0.5593,18.091,,
20260706-183744,levir_val_43.png,deep_winter,negative,0,levir_val_43__deep_winter__negative__v0.png,0.3781,0.1387,0.8802,0.2641,0.3303,0.7561,False,0.5006,35.988,,
20260706-183744,levir_val_43.png,deep_winter,few_shot,0,levir_val_43__deep_winter__few_shot__v0.png,0.4706,0.3917,0.6612,0.2853,0.4549,0.6519,False,0.5337,18.093,,
20260706-183744,levir_val_43.png,deep_winter,cot,0,levir_val_43__deep_winter__cot__v0.png,0.4641,0.2997,0.8812,0.3275,0.4313,0.7725,False,0.5677,18.116,,
20260706-183744,levir_val_43.png,deep_winter,kontext_guide,0,levir_val_43__deep_winter__kontext_guide__v0.png,0.4473,0.3527,0.7739,0.3164,0.4284,0.716,False,0.5435,18.152,,
20260706-183744,levir_val_43.png,deep_winter,hybrid,0,levir_val_43__deep_winter__hybrid__v0.png,0.4891,0.3436,0.7689,0.3028,0.46,0.7102,False,0.5601,18.156,,
20260706-183744,levir_val_49.png,summer,zero_shot,0,levir_val_49__summer__zero_shot__v0.png,0.9934,0.7782,0.914,,0.9503,0.914,False,0.9358,18.156,,
20260706-183744,levir_val_49.png,summer,contextual,0,levir_val_49__summer__contextual__v0.png,0.9868,0.7433,0.9515,,0.9381,0.9515,False,0.9435,18.145,,
20260706-183744,levir_val_49.png,summer,positive,0,levir_val_49__summer__positive__v0.png,0.9821,0.7475,0.9507,,0.9352,0.9507,False,0.9414,18.129,,
20260706-183744,levir_val_49.png,summer,negative,0,levir_val_49__summer__negative__v0.png,0.8261,0.2535,0.9919,,0.7116,0.9919,False,0.8237,36.04,,
20260706-183744,levir_val_49.png,summer,few_shot,0,levir_val_49__summer__few_shot__v0.png,0.887,0.6245,0.0413,,0.8345,0.0413,False,0.5172,18.153,,
20260706-183744,levir_val_49.png,summer,cot,0,levir_val_49__summer__cot__v0.png,0.9637,0.6907,0.9311,,0.9091,0.9311,False,0.9179,18.155,,
20260706-183744,levir_val_49.png,summer,kontext_guide,0,levir_val_49__summer__kontext_guide__v0.png,0.9832,0.7511,0.951,,0.9368,0.951,False,0.9425,18.156,,
20260706-183744,levir_val_49.png,summer,hybrid,0,levir_val_49__summer__hybrid__v0.png,0.9842,0.7429,0.9575,,0.936,0.9575,False,0.9446,18.156,,
20260706-183744,levir_val_49.png,autumn,zero_shot,0,levir_val_49__autumn__zero_shot__v0.png,0.8502,0.714,0.9684,0.1288,0.823,0.7664,False,0.8003,18.144,,
20260706-183744,levir_val_49.png,autumn,contextual,0,levir_val_49__autumn__contextual__v0.png,0.7884,0.4855,0.9998,0.2394,0.7278,0.8097,False,0.7606,18.132,,
20260706-183744,levir_val_49.png,autumn,positive,0,levir_val_49__autumn__positive__v0.png,0.7938,0.4475,0.9997,0.2316,0.7245,0.8078,False,0.7578,18.115,,
20260706-183744,levir_val_49.png,autumn,negative,0,levir_val_49__autumn__negative__v0.png,0.6303,0.1737,0.9996,0.1843,0.5389,0.7959,False,0.6417,36.023,,
20260706-183744,levir_val_49.png,autumn,few_shot,0,levir_val_49__autumn__few_shot__v0.png,0.7998,0.4934,0.9998,0.2358,0.7385,0.8089,False,0.7667,18.101,,
20260706-183744,levir_val_49.png,autumn,cot,0,levir_val_49__autumn__cot__v0.png,0.8153,0.5532,0.9997,0.252,0.7629,0.8129,False,0.7829,18.101,,
20260706-183744,levir_val_49.png,autumn,kontext_guide,0,levir_val_49__autumn__kontext_guide__v0.png,0.804,0.5478,0.9997,0.2366,0.7527,0.809,False,0.7752,18.098,,
20260706-183744,levir_val_49.png,autumn,hybrid,0,levir_val_49__autumn__hybrid__v0.png,0.807,0.4461,0.9997,0.2299,0.7348,0.8073,False,0.7638,18.101,,
20260706-183744,levir_val_49.png,winter,zero_shot,0,levir_val_49__winter__zero_shot__v0.png,0.72,0.364,0.4553,0.2557,0.6488,0.5416,False,0.6059,18.099,,
20260706-183744,levir_val_49.png,winter,contextual,0,levir_val_49__winter__contextual__v0.png,0.5789,0.2418,0.2106,0.2126,0.5115,0.4084,False,0.4703,18.104,,
20260706-183744,levir_val_49.png,winter,positive,0,levir_val_49__winter__positive__v0.png,0.6455,0.2425,0.2416,0.2117,0.5649,0.4237,False,0.5084,18.102,,
20260706-183744,levir_val_49.png,winter,negative,0,levir_val_49__winter__negative__v0.png,0.4346,0.0983,0.1287,0.1908,0.3673,0.3621,False,0.3652,36.011,,
20260706-183744,levir_val_49.png,winter,few_shot,0,levir_val_49__winter__few_shot__v0.png,0.5785,0.2387,0.2209,0.2364,0.5106,0.4196,False,0.4742,18.1,,
20260706-183744,levir_val_49.png,winter,cot,0,levir_val_49__winter__cot__v0.png,0.6009,0.2267,0.2489,0.2252,0.5261,0.4307,False,0.4879,18.1,,
20260706-183744,levir_val_49.png,winter,kontext_guide,0,levir_val_49__winter__kontext_guide__v0.png,0.6949,0.2451,0.343,0.2673,0.605,0.4884,False,0.5583,18.099,,
20260706-183744,levir_val_49.png,winter,hybrid,0,levir_val_49__winter__hybrid__v0.png,0.5745,0.231,0.2279,0.2032,0.5058,0.4147,False,0.4694,18.099,,
20260706-183744,levir_val_49.png,deep_winter,zero_shot,0,levir_val_49__deep_winter__zero_shot__v0.png,0.2339,0.0656,0.825,0.2321,0.2002,0.7205,True,0.0,18.098,,
20260706-183744,levir_val_49.png,deep_winter,contextual,0,levir_val_49__deep_winter__contextual__v0.png,0.5726,0.181,0.7771,0.2772,0.4943,0.7078,False,0.5797,18.099,,
20260706-183744,levir_val_49.png,deep_winter,positive,0,levir_val_49__deep_winter__positive__v0.png,0.5801,0.1868,0.7808,0.2813,0.5014,0.7107,False,0.5852,18.097,,
20260706-183744,levir_val_49.png,deep_winter,negative,0,levir_val_49__deep_winter__negative__v0.png,0.2531,0.0899,0.9548,0.2358,0.2205,0.7863,True,0.0,36.0,,
20260706-183744,levir_val_49.png,deep_winter,few_shot,0,levir_val_49__deep_winter__few_shot__v0.png,0.6162,0.1948,0.7692,0.3404,0.532,0.7197,False,0.6071,18.098,,
20260706-183744,levir_val_49.png,deep_winter,cot,0,levir_val_49__deep_winter__cot__v0.png,0.5161,0.1869,0.7825,0.2728,0.4503,0.7094,False,0.554,18.099,,
20260706-183744,levir_val_49.png,deep_winter,kontext_guide,0,levir_val_49__deep_winter__kontext_guide__v0.png,0.4681,0.1995,0.7488,0.29,0.4144,0.6969,False,0.5274,18.097,,
20260706-183744,levir_val_49.png,deep_winter,hybrid,0,levir_val_49__deep_winter__hybrid__v0.png,0.5706,0.177,0.7861,0.2867,0.4919,0.7147,False,0.581,18.101,,
20260706-183744,levir_val_55.png,summer,zero_shot,0,levir_val_55__summer__zero_shot__v0.png,0.2999,0.1082,0.9926,,0.2615,0.9926,True,0.0,18.096,,
20260706-183744,levir_val_55.png,summer,contextual,0,levir_val_55__summer__contextual__v0.png,0.9837,0.6913,0.9837,,0.9253,0.9837,False,0.9486,18.095,,
20260706-183744,levir_val_55.png,summer,positive,0,levir_val_55__summer__positive__v0.png,0.982,0.6929,0.9857,,0.9242,0.9857,False,0.9488,18.094,,
20260706-183744,levir_val_55.png,summer,negative,0,levir_val_55__summer__negative__v0.png,0.9282,0.6266,0.9937,,0.8679,0.9937,False,0.9182,35.99,,
20260706-183744,levir_val_55.png,summer,few_shot,0,levir_val_55__summer__few_shot__v0.png,0.9723,0.7196,0.9778,,0.9217,0.9778,False,0.9442,18.09,,
20260706-183744,levir_val_55.png,summer,cot,0,levir_val_55__summer__cot__v0.png,0.9814,0.6812,0.9848,,0.9213,0.9848,False,0.9467,18.089,,
20260706-183744,levir_val_55.png,summer,kontext_guide,0,levir_val_55__summer__kontext_guide__v0.png,0.9816,0.7113,0.9866,,0.9275,0.9866,False,0.9511,18.089,,
20260706-183744,levir_val_55.png,summer,hybrid,0,levir_val_55__summer__hybrid__v0.png,0.9794,0.6717,0.984,,0.9179,0.984,False,0.9444,18.089,,
20260706-183744,levir_val_55.png,autumn,zero_shot,0,levir_val_55__autumn__zero_shot__v0.png,0.2755,0.1068,0.9998,0.2053,0.2417,0.8012,True,0.0,18.089,,
20260706-183744,levir_val_55.png,autumn,contextual,0,levir_val_55__autumn__contextual__v0.png,0.8587,0.5837,0.7997,0.1581,0.8037,0.6894,False,0.758,18.091,,
20260706-183744,levir_val_55.png,autumn,positive,0,levir_val_55__autumn__positive__v0.png,0.8776,0.5204,0.9163,0.1553,0.8062,0.747,False,0.7825,18.095,,
20260706-183744,levir_val_55.png,autumn,negative,0,levir_val_55__autumn__negative__v0.png,0.8216,0.1888,0.9847,0.1659,0.695,0.7838,False,0.7305,35.994,,
20260706-183744,levir_val_55.png,autumn,few_shot,0,levir_val_55__autumn__few_shot__v0.png,0.9866,0.7166,0.0222,0.0841,0.9326,0.2821,False,0.6724,18.091,,
20260706-183744,levir_val_55.png,autumn,cot,0,levir_val_55__autumn__cot__v0.png,0.9837,0.7006,0.0193,0.0822,0.927,0.2802,False,0.6683,18.091,,
20260706-183744,levir_val_55.png,autumn,kontext_guide,0,levir_val_55__autumn__kontext_guide__v0.png,0.9845,0.7125,0.0251,0.0871,0.9301,0.2843,False,0.6718,18.09,,
20260706-183744,levir_val_55.png,autumn,hybrid,0,levir_val_55__autumn__hybrid__v0.png,0.8942,0.5088,0.8947,0.151,0.8171,0.7351,False,0.7843,18.094,,
20260706-183744,levir_val_55.png,winter,zero_shot,0,levir_val_55__winter__zero_shot__v0.png,0.9219,0.6387,0.6571,0.2858,0.8652,0.65,False,0.7791,18.091,,
20260706-183744,levir_val_55.png,winter,contextual,0,levir_val_55__winter__contextual__v0.png,0.8193,0.4871,0.5804,0.2299,0.7528,0.5977,False,0.6908,18.094,,
20260706-183744,levir_val_55.png,winter,positive,0,levir_val_55__winter__positive__v0.png,0.8078,0.4348,0.5778,0.2352,0.7332,0.5977,False,0.679,18.097,,
20260706-183744,levir_val_55.png,winter,negative,0,levir_val_55__winter__negative__v0.png,0.7119,0.3043,0.3782,0.1822,0.6304,0.4847,False,0.5721,35.992,,
20260706-183744,levir_val_55.png,winter,few_shot,0,levir_val_55__winter__few_shot__v0.png,0.8675,0.5164,0.6055,0.2425,0.7973,0.6134,False,0.7237,18.092,,
20260706-183744,levir_val_55.png,winter,cot,0,levir_val_55__winter__cot__v0.png,0.8307,0.4961,0.5652,0.2398,0.7638,0.5925,False,0.6953,18.091,,
20260706-183744,levir_val_55.png,winter,kontext_guide,0,levir_val_55__winter__kontext_guide__v0.png,0.8441,0.4624,0.5854,0.2429,0.7677,0.6034,False,0.702,18.088,,
20260706-183744,levir_val_55.png,winter,hybrid,0,levir_val_55__winter__hybrid__v0.png,0.7282,0.427,0.5096,0.2049,0.6679,0.556,False,0.6232,18.093,,
20260706-183744,levir_val_55.png,deep_winter,zero_shot,0,levir_val_55__deep_winter__zero_shot__v0.png,0.2789,0.0659,0.866,0.214,0.2363,0.7365,True,0.0,18.091,,
20260706-183744,levir_val_55.png,deep_winter,contextual,0,levir_val_55__deep_winter__contextual__v0.png,0.7592,0.3853,0.4073,0.2609,0.6844,0.5189,False,0.6182,18.092,,
20260706-183744,levir_val_55.png,deep_winter,positive,0,levir_val_55__deep_winter__positive__v0.png,0.7672,0.3892,0.3895,0.2507,0.6916,0.5074,False,0.6179,18.092,,
20260706-183744,levir_val_55.png,deep_winter,negative,0,levir_val_55__deep_winter__negative__v0.png,0.447,0.2235,0.9604,0.2346,0.4023,0.7889,False,0.5569,35.991,,
20260706-183744,levir_val_55.png,deep_winter,few_shot,0,levir_val_55__deep_winter__few_shot__v0.png,0.7974,0.4122,0.404,0.265,0.7203,0.5182,False,0.6395,18.092,,
20260706-183744,levir_val_55.png,deep_winter,cot,0,levir_val_55__deep_winter__cot__v0.png,0.6053,0.3768,0.7317,0.296,0.5596,0.6898,False,0.6117,18.093,,
20260706-183744,levir_val_55.png,deep_winter,kontext_guide,0,levir_val_55__deep_winter__kontext_guide__v0.png,0.7617,0.3885,0.4608,0.2761,0.687,0.5494,False,0.632,18.096,,
20260706-183744,levir_val_55.png,deep_winter,hybrid,0,levir_val_55__deep_winter__hybrid__v0.png,0.6945,0.3842,0.5268,0.2986,0.6324,0.5881,False,0.6147,18.092,,
20260706-183744,levir_val_7.png,summer,zero_shot,0,levir_val_7__summer__zero_shot__v0.png,0.9611,0.7273,0.7571,,0.9143,0.7571,False,0.8514,18.126,,
20260706-183744,levir_val_7.png,summer,contextual,0,levir_val_7__summer__contextual__v0.png,0.9804,0.6997,0.8128,,0.9243,0.8128,False,0.8797,18.152,,
20260706-183744,levir_val_7.png,summer,positive,0,levir_val_7__summer__positive__v0.png,0.9433,0.6968,0.8559,,0.894,0.8559,False,0.8787,18.157,,
20260706-183744,levir_val_7.png,summer,negative,0,levir_val_7__summer__negative__v0.png,0.8347,0.4982,0.9609,,0.7674,0.9609,False,0.8448,36.11,,
20260706-183744,levir_val_7.png,summer,few_shot,0,levir_val_7__summer__few_shot__v0.png,0.8602,0.5361,0.9223,,0.7954,0.9223,False,0.8461,18.135,,
20260706-183744,levir_val_7.png,summer,cot,0,levir_val_7__summer__cot__v0.png,0.9244,0.6616,0.8816,,0.8718,0.8816,False,0.8758,18.121,,
20260706-183744,levir_val_7.png,summer,kontext_guide,0,levir_val_7__summer__kontext_guide__v0.png,0.9294,0.7369,0.8687,,0.8909,0.8687,False,0.882,18.111,,
20260706-183744,levir_val_7.png,summer,hybrid,0,levir_val_7__summer__hybrid__v0.png,0.9629,0.643,0.8527,,0.8989,0.8527,False,0.8804,18.106,,
20260706-183744,levir_val_7.png,autumn,zero_shot,0,levir_val_7__autumn__zero_shot__v0.png,0.8955,0.423,0.9832,0.0978,0.801,0.766,False,0.787,18.101,,
20260706-183744,levir_val_7.png,autumn,contextual,0,levir_val_7__autumn__contextual__v0.png,0.8933,0.4656,0.9986,0.1403,0.8078,0.7844,False,0.7984,18.101,,
20260706-183744,levir_val_7.png,autumn,positive,0,levir_val_7__autumn__positive__v0.png,0.8723,0.4221,0.9979,0.1313,0.7822,0.7818,False,0.7821,18.1,,
20260706-183744,levir_val_7.png,autumn,negative,0,levir_val_7__autumn__negative__v0.png,0.7527,0.2451,0.9994,0.1297,0.6512,0.7822,False,0.7036,36.019,,
20260706-183744,levir_val_7.png,autumn,few_shot,0,levir_val_7__autumn__few_shot__v0.png,0.8634,0.3979,0.9964,0.1181,0.7703,0.7777,False,0.7733,18.153,,
20260706-183744,levir_val_7.png,autumn,cot,0,levir_val_7__autumn__cot__v0.png,0.8635,0.4046,0.9981,0.1369,0.7718,0.7833,False,0.7764,18.155,,
20260706-183744,levir_val_7.png,autumn,kontext_guide,0,levir_val_7__autumn__kontext_guide__v0.png,0.8823,0.47,0.9986,0.1413,0.7998,0.7846,False,0.7937,18.156,,
20260706-183744,levir_val_7.png,autumn,hybrid,0,levir_val_7__autumn__hybrid__v0.png,0.8766,0.3919,0.9979,0.1397,0.7797,0.7839,False,0.7814,18.153,,
20260706-183744,levir_val_7.png,winter,zero_shot,0,levir_val_7__winter__zero_shot__v0.png,0.745,0.5265,0.0765,0.2345,0.7013,0.3469,False,0.5595,18.135,,
20260706-183744,levir_val_7.png,winter,contextual,0,levir_val_7__winter__contextual__v0.png,0.5229,0.2636,0.1592,0.1808,0.4711,0.3748,False,0.4325,18.119,,
20260706-183744,levir_val_7.png,winter,positive,0,levir_val_7__winter__positive__v0.png,0.5083,0.2622,0.151,0.1762,0.4591,0.3695,False,0.4233,18.116,,
20260706-183744,levir_val_7.png,winter,negative,0,levir_val_7__winter__negative__v0.png,0.6081,0.1818,0.1933,0.193,0.5229,0.3949,False,0.4717,36.012,,
20260706-183744,levir_val_7.png,winter,few_shot,0,levir_val_7__winter__few_shot__v0.png,0.5203,0.2662,0.1769,0.1898,0.4695,0.3859,False,0.4361,18.102,,
20260706-183744,levir_val_7.png,winter,cot,0,levir_val_7__winter__cot__v0.png,0.624,0.2244,0.2013,0.1932,0.5441,0.3989,False,0.486,18.099,,
20260706-183744,levir_val_7.png,winter,kontext_guide,0,levir_val_7__winter__kontext_guide__v0.png,0.6058,0.2292,0.1799,0.1592,0.5305,0.3798,False,0.4702,18.097,,
20260706-183744,levir_val_7.png,winter,hybrid,0,levir_val_7__winter__hybrid__v0.png,0.532,0.2628,0.1477,0.1804,0.4782,0.369,False,0.4345,18.098,,
20260706-183744,levir_val_7.png,deep_winter,zero_shot,0,levir_val_7__deep_winter__zero_shot__v0.png,0.9286,0.0959,0.5973,0.1038,0.7621,0.5746,False,0.6871,18.094,,
20260706-183744,levir_val_7.png,deep_winter,contextual,0,levir_val_7__deep_winter__contextual__v0.png,0.5866,0.2419,0.8852,0.2571,0.5177,0.7569,False,0.6133,18.093,,
20260706-183744,levir_val_7.png,deep_winter,positive,0,levir_val_7__deep_winter__positive__v0.png,0.6088,0.2536,0.8822,0.2713,0.5378,0.7589,False,0.6262,18.097,,
20260706-183744,levir_val_7.png,deep_winter,negative,0,levir_val_7__deep_winter__negative__v0.png,0.5498,0.2106,0.8711,0.2539,0.482,0.749,False,0.5888,35.991,,
20260706-183744,levir_val_7.png,deep_winter,few_shot,0,levir_val_7__deep_winter__few_shot__v0.png,0.5866,0.2542,0.9024,0.2764,0.5201,0.7703,False,0.6202,18.094,,
20260706-183744,levir_val_7.png,deep_winter,cot,0,levir_val_7__deep_winter__cot__v0.png,0.6702,0.2286,0.9115,0.2762,0.5819,0.7748,False,0.6591,18.093,,
20260706-183744,levir_val_7.png,deep_winter,kontext_guide,0,levir_val_7__deep_winter__kontext_guide__v0.png,0.651,0.3009,0.9396,0.2782,0.581,0.7894,False,0.6643,18.091,,
20260706-183744,levir_val_7.png,deep_winter,hybrid,0,levir_val_7__deep_winter__hybrid__v0.png,0.5973,0.25,0.8906,0.2713,0.5278,0.7631,False,0.6219,18.093,,
